user_id,timestamp
1,2025-04-29T10:15:00Z
2,2025-04-29T11:00:00Z
3,2025-04-29T11:45:00Z
4,2025-04-29T12:30:00Z
5,2025-04-29T13:15:00Z
1,2025-04-30T09:00:00Z
2,2025-04-30T10:45:00Z
3,2025-04-30T12:30:00Z
4,2025-04-30T13:15:00Z
5,2025-04-30T14:00:00Z
1,2025-05-01T08:30:00Z
2,2025-05-01T09:15:00Z
3,2025-05-01T10:00:00Z
4,2025-05-01T11:45:00Z
5,2025-05-01T12:30:00Z
1,2025-05-02T07:45:00Z
2,2025-05-02T08:30:00Z
3,2025-05-02T09:15:00Z
4,2025-05-02T10:00:00Z
5,2025-05-02T10:45:00Z
1,2025-05-03T11:00:00Z
2,2025-05-03T11:45:00Z
3,2025-05-03T12:30:00Z
4,2025-05-03T13:15:00Z
5,2025-05-03T14:00:00Z
1,2025-05-04T08:00:00Z
2,2025-05-04T09:00:00Z
3,2025-05-04T10:00:00Z
4,2025-05-04T11:00:00Z
5,2025-05-04T12:00:00Z
1,2025-05-05T07:00:00Z
2,2025-05-05T08:00:00Z
3,2025-05-05T09:00:00Z
4,2025-05-05T10:00:00Z
5,2025-05-05T11:00:00Z